Iteration,tn,TopicID,Top_Five_Words
3,10,4,campaign president vice one would
4,10,4,president campaign would vice one
4,10,8,president campaign one would vice
5,10,5,president campaign vice democratic republican
5,10,14,president governor security would social
1,20,14,would security president social plan
1,20,17,campaign would president one new
1,20,21,campaign would vice president democratic
2,20,10,president would campaign debate new
3,20,8,president would one campaign vice
3,20,9,president campaign texas vice would
3,20,11,would moderator plan president vice
3,20,21,one campaign new republican national
4,20,0,letterman materials plan president would
4,20,20,president vice campaign would clinton
4,20,29,would tax plan social president
4,20,32,would president vice one presidential
4,20,33,president vice clinton campaign one
5,20,15,texas president education schools vouchers
5,20,21,president campaign clinton new mrs
5,20,25,president campaign vice would reserves
5,20,28,campaign president would one republican
5,20,37,president vice barrels oil lieberman
1,30,10,campaign president vice would one
1,30,16,president clinton campaign lieberman would
1,30,23,campaign governor would president one
1,30,29,campaign would president policy one
2,30,9,would prescription plan president drug
2,30,11,president would vice campaign one
2,30,17,president inc would nielsen gov
2,30,21,would president madison new one
2,30,42,president vice campaign one would
3,30,1,campaign president one vice like
3,30,5,president vice would cheney gov
3,30,18,leno clinton campaign putin president
3,30,21,president campaign would vice one
3,30,32,campaign one would president vice
4,30,3,hoffa teamsters president would officials
4,30,4,inc new campaign clinton would
4,30,15,sept debates campaign would texas
4,30,16,brennan techniques president eddie middletown
4,30,20,drug prescription seniors plan would
4,30,21,president campaign vice voters percent
4,30,33,campaign would tax president vice
4,30,43,campaign president one vice would
4,30,48,governor hotly texas president gov
4,30,60,president vice republican campaign one
4,30,64,president campaign vice governor people
5,30,6,president campaign would clinton democrats
5,30,12,would mrs cheney campaign president
5,30,24,president vice vidal campaign would
5,30,25,letterman would president woman hypothetical
5,30,26,russian sailors resort french floridas
5,30,28,president vice clinton oil would
5,30,34,petroleum reserve president vice gov
5,30,42,motherinlaw campaign would one president
5,30,47,lieberman president senate vice would
5,30,49,campaign president sanford controls democratic
5,30,51,president would vice tax firms
5,30,52,campaign president vice would health
5,30,55,campaign president vice would one
5,30,68,president clinton new would republican
5,30,70,tax campaign would buttons president
5,30,71,nader president corzine would vice
5,30,77,fuzzy negotiators screen camden longshot
5,30,85,would campaign texas states republican
1,40,1,voters percent campaign would gov
1,40,3,would president vice national republican
1,40,4,president campaign would lieberman one
1,40,7,campaign president would million percent
1,40,8,president democratic hunger campaign vice
1,40,14,inc president accounting campaign emergencies
1,40,15,fuzzy president clinton vice campaign
1,40,30,campaign president vice gov republican
1,40,31,standardized orlando humanitarian gaffe campaign
1,40,36,president texas campaign would one
1,40,37,prescription would drug president plan
1,40,42,vidal president would republican one
1,40,45,president vice would campaign one
1,40,47,president would campaign support republican
1,40,48,president campaign one clinton vice
1,40,54,texas lazio new president campaign
2,40,2,million republican campaign president abortion
2,40,8,would bauer one voters president
2,40,10,debates debate abide president sudden
2,40,13,debates would commission campaign debate
2,40,17,president would campaign clinton sept
2,40,21,telecommunications would president campaign republican
2,40,22,genocide president would military governor
2,40,23,president downey people one resort
2,40,24,president people would campaign texas
2,40,26,garden taste complete president pale
2,40,31,president clinton would one campaign
2,40,34,texas would governor heating state
2,40,38,president poll gov percent new
2,40,44,entertainment president children rand judge
2,40,46,president vice campaign presidential texas
2,40,51,president campaign governor would vice
2,40,63,campaign president vice oil would
2,40,66,president vice would campaign republican
2,40,72,president vice campaign would one
2,40,76,president would shock campaign prompting
2,40,79,marketing economists returns people consuming
2,40,80,president billy vice national gov
2,40,85,would tax president debt trillion
3,40,5,president texas vice state gov
3,40,7,drug campaign prescription would plan
3,40,10,president vice republican gov campaign
3,40,13,tax would surplus cut president
3,40,24,would president clinton one vice
3,40,29,president vice would percent clinton
3,40,38,rules campaign president texas publication
3,40,39,would president vice germany currency
3,40,40,president iran vice albright gov
3,40,41,would interim dr cap president
3,40,43,campaign president would vice withdraw
3,40,54,smarter would boast president pursuit
3,40,56,rangers baseball tax would tame
3,40,58,gov republican president racicot bureaucrats
3,40,61,would president subsidy capitalize debates
3,40,63,would democrats campaign voters president
3,40,65,economists marketing influencing republicanism criticizing
3,40,68,diplomatic test gail rift results
3,40,73,sterling borrowing tax experience values
3,40,78,article india taste garden womens
3,40,80,president math vice would campaign
3,40,82,would madison president yugoslavia milosevic
3,40,84,president would vice people campaign
3,40,85,channels verge president edged vice
3,40,93,would president vice cheney roosevelts
3,40,95,president turnout regulatory cecil democratic
3,40,97,campaign president would cheney new
3,40,99,downey beach newport campaign president
3,40,101,president one would campaign like
3,40,106,fla flint coalitions bacon union
3,40,108,medicare fed plan president would
3,40,109,nicholson taylor rices stressing legalized
3,40,110,president girl vice would campaign
3,40,129,fail president editorials poured gaffe
4,40,4,cents bauer owner site goodman
4,40,5,hypocrisy article evil united gail
4,40,24,buttons woman campaign president rough
4,40,28,fewer strategic threaten president arithmetic
4,40,32,mckinnon substance campaign reserves would
4,40,33,president campaign vice northwest cultural
4,40,36,hunger campaign letters marijuana vice
4,40,37,chinese alaska heights oil president
4,40,39,president republican foreign affairs like
4,40,40,resort french memo president jennifer
4,40,41,president addressing concentrated vice one
4,40,47,arafat east effectiveness vidals oct
4,40,61,petroleum occidental routinely campaign president
4,40,71,study footage journalists quiz book
4,40,74,vice president campaign hmos democratic
4,40,86,million republican campaign president national
4,40,87,would governor texas president campaign
4,40,88,region corp happening button writer
4,40,89,oil president administration million vice
4,40,93,hotly dogs revival contested president
4,40,108,campaign would one president texas
4,40,112,ads ad campaign would vice
4,40,113,girl annoying diplomat clinton president
4,40,117,muslim beer bernard entirety campaign
4,40,118,would military president oct debate
4,40,120,lobby people count result would
4,40,124,vouchers iran regional hurting education
4,40,129,president campaign standardized vice winter
4,40,133,putin taste puzzlement campaign president
4,40,143,gun president handgun control sudbay
4,40,147,techniques findings president math validity
4,40,157,president would trade campaign union
4,40,159,anywhere delay house fans dennis
4,40,171,would taped president exact tv
4,40,173,supportive president weight publicized would
4,40,181,moderator president campaign artist vice
4,40,186,would president endanger vice gov
4,40,188,president campaign chernomyrdin vice russian
4,40,195,president would campaign one clinton
4,40,197,buchanans double digits surely affect
4,40,200,ore portland president campaign rehnquist
4,40,202,des moines debates lesbians debate
5,40,4,foot stare board steve violated
5,40,9,microsoft order percent visiting turnout
5,40,10,hmo forced parent gail would
5,40,12,pronounce president would unleash loss
5,40,14,president companies oil would today
5,40,15,president attendance sessions clinton campaign
5,40,16,brennan tossups president states rated
5,40,19,would vouchers networks debates president
5,40,28,altogether campaign carter inflict vice
5,40,31,nov dinner president connecticut lieberman
5,40,37,weve administration cultural enterprise promoted
5,40,38,hmos big companies hmo maintenance
5,40,39,campus museum minnesota nick lined
5,40,45,president lite million vice figures
5,40,46,would social plan security money
5,40,52,campaign texas accountants state president
5,40,61,profiling hundreds racial gun campaign
5,40,62,president vice would clinton one
5,40,64,would president democrats campaign people
5,40,65,campaign president like even vice
5,40,71,gaffe edition president lieberman guarantee
5,40,84,reserve petroleum clinton oil strategic
5,40,85,president would campaign vice one
5,40,87,laughing game like camera bites
5,40,95,ad commercial opens cheney republican
5,40,96,would health campaign president vice
5,40,98,anytime jacksonville regulatory league minute
5,40,104,arlington rangers woman persuaded stadium
5,40,107,would medicare today president campaign
5,40,119,faith church god anecdote louis
5,40,120,europeans milosevics milosevic serbia would
5,40,121,characters clark minister crew prime
5,40,126,cuba foreign president crisis states
5,40,129,compromise would president medicares shameless
5,40,134,winter unions officers clintons democratic
5,40,135,weakening would president governor eliminate
5,40,141,vulgarity would president legislation vice
5,40,144,moore nationally economist leno profile
5,40,145,abortion language judges fleischer views
5,40,150,nielsen cbs watched president vice
5,40,152,president cheney crisis economists influencing
5,40,153,debate genocide president us harness
5,40,155,subliminal texas gun nov one
5,40,162,million republican national advertising would
5,40,166,industry president winter oil coastal
5,40,167,temptation abortions backer videotaped would
5,40,171,nader reads oped bookish yankees
5,40,172,arafat fails palestinians achieving israel
5,40,176,dow honesty supermarket removed serial
5,40,177,president grade governor texas level
5,40,178,fires president sending pipeline materials
5,40,179,governor letting government referred village
5,40,197,arts nasty effects would convicted
5,40,200,president new campaign habit one
5,40,201,coal oil stewart president vice
5,40,219,oct lieberman leadership test due
5,40,221,new campaign study president vice
5,40,239,messages email vice water hollywood
5,40,242,debate education test texas legislators
5,40,244,motherinlaw president campaign owner republican
5,40,254,wear quoting daughters invited campaign
5,40,255,campaign president east governor middle
5,40,257,campaign portrays gov state president
5,40,258,vidal europe bomb asia neglecting
5,40,262,final practiced lectern would campaign
5,40,267,campaign would president vice shares
5,40,268,party republican presidential antiabortion copied
5,40,269,fashion historical tortured campaign new
5,40,271,military president campaign cheney would
5,40,275,arthritis lodine would one dogs
5,40,280,reserves reserve president campaign squander
5,40,283,borrowing thin president extravagant carries
1,100,5,would uninsured health billion vice
1,100,6,would president vice security social
1,100,11,president slobodan balkans must channels
1,100,22,mountain like would consulting houses
1,100,23,simpson campaign gender fiction president
1,100,24,president ploy vice minister prime
1,100,25,winfrey oprah would president court
1,100,30,president would clinton vice campaign
1,100,33,president campaign vice debate debates
1,100,37,campaign wednesdays lieberman mccain september
1,100,39,surname fashion president misspelled peretz
1,100,41,president resort campaign one vice
1,100,44,vouchers schools sailors education would
1,100,46,president hinted woman women campaign
1,100,50,president materials plan campaign vice
1,100,53,corzine tax new president would
1,100,58,president vice would campaign sanctions
1,100,64,entertainment industry president vice court
1,100,66,chernomyrdin vice president gorechernomyrdin russia
1,100,75,president would plan education tax
1,100,78,lieberman president campaign american running
1,100,80,campaign president weeks kerrey one
1,100,85,president campaign would owens vice
1,100,86,vidals satire wisdom reform lott
1,100,89,email friedman president messages resolved
1,100,94,would president vice gov plan
1,100,96,motherinlaw hmos taped letter would
1,100,98,campaign debates reserves president would
1,100,102,returns president campaign de facto
1,100,105,president would republicans anchor could
1,100,114,texas campaign gun president governor
1,100,115,president dinner vice would preparing
1,100,116,gun legislators president guncontrol coalitions
1,100,125,president would prompting vice coastal
1,100,128,abandoned conceded youthful death watch
1,100,129,president would vice campaign clinton
1,100,130,president vice hollywood lieberman campaign
1,100,132,president would policy campaign foreign
1,100,133,arlington would one western percent
1,100,136,vidal turnout president campaign would
1,100,139,florida poking president cuba jeb
1,100,140,campaign one would like president
1,100,141,squander hydroelectric vacancy betting area
2,100,8,president worldclass presidential tv goldsmith
2,100,9,president simon engler vice girl
2,100,12,would president campaign vice republicans
2,100,14,president nielsen clark occur state
2,100,17,shock would corp gays president
2,100,18,president florida would vice security
2,100,20,president would hunger campaign vice
2,100,24,lawyers trial towns president tort
2,100,26,gingrich campaign forcing presidential president
2,100,27,developing president worry tame mankind
2,100,29,president sue would seventh vice
2,100,32,gay president counting reversed vice
2,100,33,choose hmo president debate narrowed
2,100,37,president would texas republican governor
2,100,41,would campaign president debate even
2,100,47,lazio downey reserve lazios jump
2,100,50,campaign president vice kiss readiness
2,100,52,campaign lazio republican lieberman president
2,100,54,would prone president tended insurance
2,100,55,letter goldstein theater florida bernard
2,100,57,president jordan east column vice
2,100,70,president would vice awful campaign
2,100,71,sanctions castro lifting food mich
2,100,78,would lieberman oct debate president
2,100,81,president winter packages divider governor
2,100,89,president campaign one republican would
2,100,91,plan would reap roth governor
2,100,99,india would president engagement campaign
2,100,100,president black voters republican campaign
2,100,106,president honorable swiftly fascinating equality
2,100,109,attract beneficiaries supported short storm
2,100,116,misstated one vice president surefooted
2,100,120,minister prime imperial sales anticipate
2,100,127,denying roy president immigration campaign
2,100,130,salmon would dams tightness designation
2,100,131,anecdote charging metaphor monitors timess
2,100,135,economy president vote campaign republican
2,100,144,health children coverage would insurance
2,100,145,brookings deputy institution director management
2,100,146,inc taped damaging undecided campaign
2,100,147,like president arlington one book
2,100,151,president solicitation campaign would vice
2,100,153,president vice would trade labor
2,100,158,specify experts spree plan social
2,100,160,headlined unworkable characters mortality president
2,100,164,diplomatic troops worlds military putin
2,100,165,chernomyrdin gorechernomyrdin viktor military russia
2,100,167,factors case texas innocence murderers
2,100,177,voters marshall serbia percent milosevics
2,100,178,jokes president vidals revival oct
2,100,180,clinton death texas campaign governor
2,100,181,sudbay negotiated fouryear state would
2,100,188,games rock yankees turner like
2,100,189,dow would admired one interim
2,100,196,president vice vouchers gov education
2,100,199,reverse president would campaign dispute
2,100,204,marketing puerto rican voters electorate
2,100,206,nato president prices sailors military
2,100,207,campaign president handled vice names
2,100,209,would president republican medicare today
2,100,211,retired ny duck support campaign
2,100,213,president sites women parody mouse
2,100,217,moderator mountain haas threatened abc
2,100,220,would president tax voters nationwide
2,100,223,weight stakes predecessors would governor
2,100,224,doomed finds strange rising bright
2,100,225,president cheney conservative would republican
2,100,227,debates debate president networks vice
2,100,231,would president industry campaign republican
3,100,3,enhanced called violated september critics
3,100,8,states electoral state votes would
3,100,9,tax surplus spending would billion
3,100,10,feeforservice medicare adjustments would traditional
3,100,18,president vice clinton judge would
3,100,26,environmental texas president emissions governor
3,100,38,hurting surge incorporated campaign president
3,100,44,seniors drug pill lawyers would
3,100,45,president campaign state one democratic
3,100,49,disparity louis st killings express
3,100,50,president environmental trend policy arctic
3,100,52,new campaign president one winter
3,100,58,president campaign vice one would
3,100,62,baseball secrets ownership profit rangers
3,100,69,plain carried tick president starters
3,100,74,lieberman jewishness president would people
3,100,75,optimistic shifted asset weve fund
3,100,77,games recordings music movies video
3,100,80,reserve per would tax percent
3,100,82,weakening agendas president texas campaign
3,100,84,sector fleischer ari president would
3,100,85,woo exact unborn didnt life
3,100,87,sullivan sales skip exchange crawford
3,100,89,bauer scalia ignore justices photo
3,100,90,president campaign vice would one
3,100,91,whitman christie president ambassadorship camden
3,100,100,agreements deals denying movements yale
3,100,105,brooklyn button adam corp allied
3,100,106,columbine log would texas support
3,100,114,lieberman declared originally health trivial
3,100,121,commercial advertisement prescription campaign moore
3,100,126,inc engler rating president online
3,100,133,tracking effectiveness lieberman wellstone jamieson
3,100,136,undercut wired software republican president
3,100,148,fox president traffic drugs presidential
3,100,153,tim nbc russert nbcs examples
3,100,157,humanitarian intervention vice interventionist president
3,100,161,president overall clinton vice stop
3,100,162,republican campaign president former fisher
3,100,163,bureaucrats sleeves prescription ninth plan
3,100,169,discipline apathy would president dismaying
3,100,172,dog bacon new commander alaskas
3,100,173,president rehnquist polling travels fox
3,100,177,abortion court would campaign thomas
3,100,180,obtained watch improperly would hundreds
3,100,181,president clinton one logic lieberman
3,100,187,would president wooden education presidential
3,100,190,superior creates increased shore plan
3,100,200,president squandered rest mankind turf
3,100,202,engine supposed equipped president campaign
3,100,205,president hunger people like vice
3,100,206,would options morgan conflict president
3,100,207,boss terror drastically would india
3,100,211,social would security privatization coincidence
3,100,214,debate letterman latenight satellite campaign
3,100,221,book school teachers multiple favorite
3,100,223,president would campaign vice weakness
3,100,224,visiting professor would university rallies
3,100,228,would texas campaign people president
3,100,252,campaign president one vice clinton
3,100,259,president complaining hart vice contradiction
3,100,260,lazios gains tax nj paraphrasing
3,100,263,senate lieberman lawyers would democrats
3,100,266,indulge withdrew president vice bosnians
3,100,281,racial profiling campaign teenage groups
3,100,282,reserve president speeding pattern astonishing
3,100,284,letterman show campaign president would
3,100,291,letter feingold president exaggerator edition
3,100,311,third president sports routinely soft
3,100,315,counseling rap punitive replacing cheney
3,100,317,president q initials would liked
3,100,323,think clinton would know president
3,100,326,earth environmental global endorse criticizing
3,100,329,simon would simons campaign president
3,100,331,qualify perfect circa athletic bonding
3,100,334,campaign president would vice percent
3,100,337,campaign health president care vice
3,100,340,moderator temple vice president fundraising
3,100,342,downey firm luntz frank thomas
3,100,343,president variations vice market would
3,100,346,stinging like disappointing scurrying lana
3,100,349,practical lose nader bravado feel
3,100,354,populous civility explains campaign clinton
3,100,358,campaign president republican republicans democrats
3,100,360,agency consulting fowler council previously
3,100,369,campaign state health president texas
3,100,370,health would bible children coverage
4,100,8,confusion pop replied music targets
4,100,14,vegas recordings games report las
4,100,18,storm includes desert holiday ii
4,100,19,jokes anywhere material feb like
4,100,21,owner site stickers cents sole
4,100,32,smith mtv roe iran damage
4,100,33,dow death weiss glover athletic
4,100,36,helps issues innovative recover like
4,100,38,wood wore crisp outfits fantasy
4,100,40,intentions detroit associations yesterday engler
4,100,41,owens devine letter wisconsin governors
4,100,42,veto president tax backs would
4,100,63,cecil underwood delaware wise cue
4,100,66,rankles appropriated campaign new would
4,100,73,intention respective express would campaign
4,100,83,web sites parody campaign site
4,100,87,groups ads various organizations campaign
4,100,93,pattern voting choice edge percent
4,100,95,president virginia people clinton one
4,100,100,baseball tampa fla stadium per
4,100,101,killed marketing tones congressman criticizing
4,100,104,soaring wooing conversations reliance superpower
4,100,115,gray macarthur condition campaign amendments
4,100,117,circumvent president hole aging campaign
4,100,119,health would children president vice
4,100,121,diplomats kazakhstan president plan would
4,100,135,economy president theyd million clinton
4,100,136,expense follows spiritual thought elementary
4,100,138,one campaign would president republican
4,100,152,military cheney former veterans president
4,100,161,debates president networks would advisers
4,100,164,fault weakening president mccain mccains
4,100,165,colleagues dr columbia interim president
4,100,170,web containing sting rebels twists
4,100,178,fired hey de regulation surefooted
4,100,179,medicare drug would drugs prescription
4,100,180,sept social security would trust
4,100,181,avoids campaign ignores missteps translated
4,100,191,president rooms texas fitness campaign
4,100,192,analysts jim campaign middle relief
4,100,194,percent voters poll points nader
4,100,200,dispatched campaign cheney scary lone
4,100,204,wellbeing medicines prescription drug drugs
4,100,205,saddam hussein iraq echoed president
4,100,214,tyler treaty would testing texas
4,100,223,president needle indulging republican cheney
4,100,224,president dams salmon campaign would
4,100,233,coastal dose chips hung foreign
4,100,236,returns return stocks lebanon market
4,100,238,division religious christian previous faith
4,100,241,factors voters better disappointed abide
4,100,248,heat paraphrasing backus blunt statistical
4,100,255,game requests fan super joining
4,100,256,president debate troubled worlds stewart
4,100,257,haas email awry would hire
4,100,258,booth new lieberman york jewish
4,100,259,nonprofit september gorelieberman barbara courted
4,100,260,singer coincidence campaign happened president
4,100,275,inappropriate death penalty stop cheney
4,100,280,fuzzy president security vice would
4,100,287,page front substance partner governing
4,100,288,president one campaign vice say
4,100,289,military criticisms president balkans cohen
4,100,296,killings thoroughly disparity lit fray
4,100,298,dire embargo policy approaches brains
4,100,299,previously kerrey chapter confused security
4,100,303,black would order rule session
4,100,311,borrowing tax cuts offset people
4,100,313,ad groups spread missouri abortion
4,100,318,senate seats wins seat ticket
4,100,322,crash v eve scheduled keeping
4,100,325,instant explaining media message earn
4,100,326,lehrer debate moderator president governor
4,100,338,would president members states nader
4,100,349,letter artist football frame practiced
4,100,355,pentagons nbcs strategic would negotiated
4,100,356,president ore vice campaign sunday
4,100,362,spends campaignfinance tells reminds pace
4,100,367,book middleclass campaign published would
4,100,374,neck womens assistant mens visited
4,100,383,thunderous vice ardently galvanize daybyday
4,100,386,preparing nowhere campaign president reinvent
4,100,388,campaign would populous welfare week
4,100,389,moore economist consultants whose speechwriter
4,100,400,microphone opposes pivotal cause approve
4,100,402,mrs mentions issues informative faith
4,100,411,endanger pronouncements israel president conciliatory
4,100,412,fixed whoever berke clymer cartoon
4,100,413,visited teachers tuition coalition president
4,100,415,therefore citizens system paul ms
4,100,417,mouth cheney would campaign peruvian
4,100,420,ms sat bauer president mass
4,100,421,misstated texas governor death execution
4,100,422,first amendment mrs tipper lady
4,100,427,brooklyn corp trading bernard parry
4,100,443,president family one would life
4,100,444,god proclaimed prayer mentioned divinity
4,100,457,president lieberman beach vice campaign
4,100,459,activism crusade surprising participants wasnt
4,100,462,would president health vice care
4,100,464,plan drugs prescription would coverage
4,100,468,voluntarily censorship ratings site president
4,100,470,downey frank onto firm campaign
4,100,472,mondale accountability f texas august
4,100,473,oil ny home august grounds
4,100,474,tuesdays lazio president reagan candidate
4,100,476,would president vice one running
4,100,479,campaign republican patakis pataki gun
4,100,482,highway thurmond harry completing north
4,100,486,assertion clinton commander bible army
4,100,487,rules information president publication campaign
4,100,501,park theater kline references motorcycle
4,100,512,minister ambassador prime abortions legally
4,100,514,tax texas president theyve campaign
4,100,516,drug seniors prescription elderly would
4,100,518,donald emergencies nobel terrorists would
4,100,519,east middle electorate president campaign
4,100,521,iii gilmore lieberman campaign senator
4,100,526,arms moscow relations washingtons significant
4,100,531,education math would spending voters
4,100,535,hitting states campaign would republican
4,100,542,rap election whose breaking anxious
4,100,544,sanctions president state environmental would
4,100,547,mauro black exaggeration seeming cold
5,100,1,jesus letters performing day christ
5,100,2,minutes magazines bland cookies readers
5,100,6,clinton president remained avoiding politely
5,100,16,nov dr fbi agents louis
5,100,17,commercial consistency campaign plan prescription
5,100,18,abortion rights women choose steal
5,100,22,president campaign would vice one
5,100,24,treaty women european agreeing capability
5,100,29,rule order admission would neglected
5,100,32,rove skit one karl phone
5,100,36,world us foreign power europe
5,100,41,morality king emerging movements quoting
5,100,48,fixed likability gets reason campaign
5,100,50,legislators outlawed opportunity preparation graduating
5,100,55,black democrats campaign vice health
5,100,61,lieberman incorporated summers biographies skillful
5,100,80,jokes anytime stiff one tables
5,100,90,outofpocket deductible would drug republican
5,100,92,lieberman democratic president campaign cheney
5,100,94,understood n predicting experienced finally
5,100,95,would clinton reliably security president
5,100,99,standardized guide pursuing ms results
5,100,100,tongue president campaign rural one
5,100,102,contend panels films strained democrats
5,100,111,frontpage inauguration petition classified consulted
5,100,114,campaign cheney would like people
5,100,126,taste fare would last leap
5,100,133,liberal would president giuliani vice
5,100,139,pander dog secrets player pet
5,100,142,identity lieberman republican congress president
5,100,143,choices voters influence explanations half
5,100,145,cases industry review board drug
5,100,152,retired president american united withdrew
5,100,156,media tuesday officials republican coverage
5,100,157,east middle peace affairs would
5,100,166,temptation fears european threatening advised
5,100,175,column middle suggests rating thomas
5,100,176,sending st louis addition enforcement
5,100,177,nbc pm minutes cable live
5,100,186,hightech adds valley quarter internet
5,100,187,exaggeration stable horse initially sluggish
5,100,205,lazio frankly abortions woman women
5,100,210,scranton michigan hypocrisy casey midwestern
5,100,211,texas dragging children terrific decree
5,100,212,forcefully troubles complain davis wager
5,100,215,proclaimed flash campaign new conducting
5,100,218,texas occasions campaign statements state
5,100,229,rubin data firms president bank
5,100,233,persuasive worldwide cheney would governor
5,100,235,cards trusted propose clearer share
5,100,248,catholic would abortion ridge vote
5,100,265,capturing tortured mcconnell resentment throwaway
5,100,268,producer millions theyve campaign president
5,100,269,president channels plant pundits former
5,100,273,teenagers archer dr clinics michael
5,100,282,package false republicanled campaign statements
5,100,292,trade chinas president workers vote
5,100,293,press meet cnn sunday nbc
5,100,300,discredit planning grandchildren retired numerous
5,100,301,money million raised president upstate
5,100,305,kyoto colonias tendency president also
5,100,329,lone attributed campaign headache would
5,100,333,europe criticizes outlined accused honest
5,100,344,campaign president would illconceived among
5,100,358,suspicious guard timess watches selling
5,100,394,western customers anticipate pounds packages
5,100,399,votes electoral states debate president
5,100,407,game towns produced everywhere sweet
5,100,419,apartment would campaign professional period
5,100,433,page front double watching differently
5,100,434,approaches everybodys daring nest priorities
5,100,445,regional interests pressing differences president
5,100,449,mauro whose tobacco price rap
5,100,463,letter office russian would sales
5,100,465,damaging father president lively son
5,100,469,avenue invite would premise memories
5,100,474,fuzzy internet entertainment argues screen
5,100,485,book books favorite accessible thomas
5,100,488,would uninsured health unrealistic campaign
5,100,501,avenue movie beer underdog goes
5,100,502,newfound campaign lee impress staff
5,100,505,alan institutes pricing party campaign
5,100,512,american fuzzy president campaign one
5,100,514,rejection campaign president clinton would
5,100,517,abortion court kiss smooch supreme
5,100,521,president nixon states worry jersey
5,100,549,campaign hate contrasted orientation happening
5,100,552,agreements governor president endorse vision
5,100,562,violence war catherine london engagement
5,100,571,president reserve democrats slight campaign
5,100,581,engler oilproducing convince president would
5,100,584,september florida ky fraud l
5,100,591,would plan ladder campaign one
5,100,593,anybody stiff fit one litter
5,100,604,nov president lieberman car palm
5,100,611,developing cultural literature cheney institute
5,100,615,everybody pronounce loss snake jerk
5,100,617,developing republicans summers women triumphs
5,100,629,tax percent cuts cut income
5,100,632,women cried like debates dont
5,100,634,jones would bob issue abortion
5,100,646,mocked campaign broadcasting hypocritical today
5,100,649,testing tests ask murder james
5,100,656,class president taught school two
5,100,662,goldwater president identification lately decency
5,100,675,modern mans lieberman concept joseph
5,100,692,goodman pumped discussing herbert embarrassing
5,100,698,printed barn published fiction conspiracy
5,100,699,meeting campaign clinton president middle
5,100,707,florida state campaign states lieberman
5,100,715,cheney shultz embarrassments twoday scowcroft
5,100,724,president gov ploy deny derided
5,100,725,campus dating interracial tones congressman
5,100,732,womens assistant football soccer director
5,100,735,closing monument banks salmon treasures
5,100,736,abroad letter possibility president would
5,100,746,iran president house cheney defense
5,100,747,developing retiree nagging inherently reignited
5,100,750,consumption byproduct president carbon oil
5,100,752,representative metal grinning rangel mayor
5,100,753,feel clinton couldnt man young
5,100,760,would fivestate campaign faith maine
5,100,764,baseball realities reversed carter presidential
5,100,766,chiefs president campaign would invitation
5,100,768,case factors penalty death texas
5,100,778,richards graham texas gary urging
5,100,779,president would clinton campaign vice
5,100,783,strengthened castro education president cuba
5,100,787,campaign states republican arkansas pennsylvania
5,100,789,girl trapped teenage education schools
5,100,791,campaign mccain republican even convention
